<?xml version="1.0" encoding="UTF-8"?>
<project-private xmlns="http://www.netbeans.org/ns/project-private/1">
    <editor-bookmarks xmlns="http://www.netbeans.org/ns/editor-bookmarks/2" lastBookmarkId="0"/>
    <open-files xmlns="http://www.netbeans.org/ns/projectui-open-files/2">
        <group>
            <file>file:/C:/xampp/htdocs/BizOAHS/register.php</file>
            <file>file:/C:/xampp/htdocs/BizOAHS/index.php</file>
            <file>file:/C:/xampp/htdocs/BizOAHS/login.php</file>
            <file>file:/C:/xampp/htdocs/BizOAHS/admin.php</file>
            <file>file:/C:/xampp/htdocs/BizOAHS/allpets.php</file>
            <file>file:/C:/xampp/htdocs/BizOAHS/functions.php</file>
            <file>file:/C:/xampp/htdocs/BizOAHS/pets.php</file>
            <file>file:/C:/xampp/htdocs/BizOAHS/team.php</file>
        </group>
    </open-files>
</project-private>
